round	persona	findings_produced	findings_revised	challenges_issued	flip_count	status
0	Architecture Reviewer	6	0	0	0	independent_analysis
0	Security Analyst	6	0	0	0	independent_analysis
0	Performance Engineer	6	0	0	0	independent_analysis
0	Reliability Engineer	6	0	0	0	independent_analysis
0	Devil's Advocate	6	0	0	0	independent_analysis
1	Architecture Reviewer	6	0	1	0	debate_round_1
1	Security Analyst	6	1	1	0	debate_round_1
1	Performance Engineer	6	0	1	0	debate_round_1
1	Reliability Engineer	6	1	2	1	debate_round_1
1	Devil's Advocate	7	0	3	0	debate_round_1
2	Architecture Reviewer	6	1	0	0	debate_round_2
2	Security Analyst	6	1	0	0	debate_round_2
2	Performance Engineer	6	1	0	0	debate_round_2
2	Reliability Engineer	6	1	0	0	debate_round_2
2	Devil's Advocate	7	1	1	1	debate_round_2
